{"count":1,"self":3144.8610816,"total":11227.753123499999,"children":{"InitializeActuators":{"count":10,"self":0.0020004,"total":0.0020004,"children":null},"InitializeSensors":{"count":10,"self":0.0030007999999999996,"total":0.0030007999999999996,"children":null},"AgentSendState":{"count":3465167,"self":773.50015999999994,"total":1383.6166234,"children":{"CollectObservations":{"count":6930340,"self":35.9823008,"total":35.9823018,"children":null},"WriteActionMask":{"count":6930340,"self":20.991793599999998,"total":20.9917937,"children":null},"RequestDecision":{"count":6930340,"self":70.41219199999999,"total":553.142355,"children":{"AgentInfo.ToProto":{"count":6930340,"self":59.1377088,"total":482.7301659,"children":{"GenerateSensorData":{"count":6930340,"self":334.5158912,"total":423.5924556,"children":{"RayPerceptionSensor.Perceive":{"count":13860680,"self":89.0765696,"total":89.0765665,"children":null}}}}}}}}},"DecideAction":{"count":3465167,"self":6661.0978816,"total":6661.0979665999994,"children":null},"AgentAct":{"count":3465167,"self":35.920633599999995,"total":35.9206322,"children":null},"AgentInfo.ToProto":{"count":18466,"self":0.33653449999999996,"total":2.2502434,"children":{"GenerateSensorData":{"count":18466,"self":1.6419956999999998,"total":1.9137088999999998,"children":{"RayPerceptionSensor.Perceive":{"count":36932,"self":0.2717132,"total":0.2717132,"children":null}}}}}},"gauges":{"DrunkAgent.CumulativeReward":{"count":18466,"max":2.80000019,"min":-0.125,"runningAverage":0.04729366,"value":0.175,"weightedAverage":0.0512048081}},"metadata":{"timer_format_version":"0.1.0","start_time_seconds":"1641291815","unity_version":"2019.4.33f1","command_line_arguments":"C:\\Users\\scott\\Documents\\GitHub\\2019.4.33f1\\Editor\\Unity.exe -projectpath C:\\Users\\scott\\Documents\\GitHub\\Trains\\WDDCR -useHub -hubIPC -cloudEnvironment production -licensingIpc LicenseClient-scott -hubSessionId a7c59860-6c9e-11ec-a2d6-bb636b29a468 -accessToken fNKQGmhwZKLVv7i9JT6W3B_9753oRpmOejT61L7CgZI005f","communication_protocol_version":"1.5.0","com.unity.ml-agents_version":"2.0.1","scene_name":"SampleScene","end_time_seconds":"1641303043"}}