{"count":1,"self":444.0593408,"total":1437.3091112,"children":{"InitializeActuators":{"count":5,"self":0.0010006,"total":0.0010006,"children":null},"InitializeSensors":{"count":5,"self":0.0020005,"total":0.0020005,"children":null},"AgentSendState":{"count":389067,"self":72.765478399999992,"total":124.8365563,"children":{"CollectObservations":{"count":648445,"self":2.8991903999999997,"total":2.8991903999999997,"children":null},"WriteActionMask":{"count":648445,"self":1.849276,"total":1.8492758999999999,"children":null},"RequestDecision":{"count":648445,"self":6.4721915999999995,"total":47.3226131,"children":{"AgentInfo.ToProto":{"count":648445,"self":5.0280176,"total":40.850421399999995,"children":{"GenerateSensorData":{"count":648445,"self":27.8495168,"total":35.8224038,"children":{"RayPerceptionSensor.Perceive":{"count":1296890,"self":7.9728879999999993,"total":7.9728878,"children":null}}}}}}}}},"DecideAction":{"count":389067,"self":865.68140799999992,"total":865.68139409999992,"children":null},"AgentAct":{"count":389067,"self":2.6878002,"total":2.6878002,"children":null},"AgentInfo.ToProto":{"count":470,"self":0.0069984999999999995,"total":0.0400087,"children":{"GenerateSensorData":{"count":470,"self":0.0280101,"total":0.033010199999999996,"children":{"RayPerceptionSensor.Perceive":{"count":940,"self":0.0050000999999999995,"total":0.0050000999999999995,"children":null}}}}}},"gauges":{"DrunkAgent.CumulativeReward":{"count":470,"max":0.3975,"min":-0.005,"runningAverage":0.02111702,"value":-0.0025,"weightedAverage":0.0437404253}},"metadata":{"timer_format_version":"0.1.0","start_time_seconds":"1640038205","unity_version":"2019.4.25f1","command_line_arguments":"C:\\Users\\scott\\Documents\\GitHub\\2019.4.25f1\\Editor\\Unity.exe -projectpath C:\\Users\\scott\\Documents\\GitHub\\Trains\\WDDCR -useHub -hubIPC -cloudEnvironment production -licensingIpc LicenseClient-scott -hubSessionId 6fc370d0-5fed-11ec-bf26-d91170ebaa39 -accessToken YM9qAuIndNclKIJ309RMZLmC1hewQPPjVnHTH51a0vk005f","communication_protocol_version":"1.5.0","com.unity.ml-agents_version":"2.0.1","scene_name":"SampleScene","end_time_seconds":"1640039642"}}