{
    "name": "root",
    "metadata": {
        "timer_format_version": "0.1.0",
        "start_time_seconds": "1640032617",
        "python_version": "3.7.11 (default, Jul 27 2021, 09:42:29) [MSC v.1916 64 bit (AMD64)]",
        "command_line_arguments": "C:\\Users\\scott\\anaconda3\\envs\\unity_reinforcement\\Scripts\\mlagents-learn --force config/parameters.yaml --run-id DrunkAgent_Imitation",
        "mlagents_version": "0.28.0.dev0",
        "mlagents_envs_version": "0.28.0.dev0",
        "communication_protocol_version": "1.5.0",
        "pytorch_version": "1.10.0+cu113",
        "numpy_version": "1.21.4",
        "end_time_seconds": "1640036078"
    },
    "total": 3460.6288326999997,
    "count": 1,
    "self": 0.007752699999400647,
    "children": {
        "run_training.setup": {
            "total": 0.06816160000000004,
            "count": 1,
            "self": 0.06816160000000004
        },
        "TrainerController.start_learning": {
            "total": 3460.5529184,
            "count": 1,
            "self": 6.258412599991061,
            "children": {
                "TrainerController._reset_env": {
                    "total": 49.9944173,
                    "count": 1,
                    "self": 49.901248900000006,
                    "children": {
                        "demo_to_buffer": {
                            "total": 0.09316839999999615,
                            "count": 2,
                            "self": 5.8799999997916075e-05,
                            "children": {
                                "load_demonstration": {
                                    "total": 0.007899399999999446,
                                    "count": 2,
                                    "self": 0.007789000000002488,
                                    "children": {
                                        "read_file": {
                                            "total": 0.00011039999999695738,
                                            "count": 2,
                                            "self": 0.00011039999999695738
                                        }
                                    }
                                },
                                "make_demo_buffer": {
                                    "total": 0.08521019999999879,
                                    "count": 2,
                                    "self": 0.011567900000031273,
                                    "children": {
                                        "steps_from_proto": {
                                            "total": 0.07364229999996752,
                                            "count": 532,
                                            "self": 0.03227909999987588,
                                            "children": {
                                                "_process_rank_one_or_two_observation": {
                                                    "total": 0.04136320000009164,
                                                    "count": 3192,
                                                    "self": 0.04136320000009164
                                                }
                                            }
                                        }
                                    }
                                }
                            }
                        }
                    }
                },
                "TrainerController.advance": {
                    "total": 3404.2238172000093,
                    "count": 267243,
                    "self": 3.238881200038577,
                    "children": {
                        "env_step": {
                            "total": 3400.9849359999707,
                            "count": 267243,
                            "self": 2374.936312699825,
                            "children": {
                                "SubprocessEnvManager._take_step": {
                                    "total": 1022.9609190001191,
                                    "count": 267244,
                                    "self": 14.823382000066545,
                                    "children": {
                                        "TorchPolicy.evaluate": {
                                            "total": 1008.1375370000526,
                                            "count": 267112,
                                            "self": 315.92015390004076,
                                            "children": {
                                                "TorchPolicy.sample_actions": {
                                                    "total": 692.2173831000118,
                                                    "count": 267112,
                                                    "self": 692.2173831000118
                                                }
                                            }
                                        }
                                    }
                                },
                                "workers": {
                                    "total": 3.087704300026438,
                                    "count": 267242,
                                    "self": 0.0,
                                    "children": {
                                        "worker_root": {
                                            "total": 3320.1298758000135,
                                            "count": 267242,
                                            "is_parallel": true,
                                            "self": 1693.0229193999432,
                                            "children": {
                                                "steps_from_proto": {
                                                    "total": 0.0009203000000042039,
                                                    "count": 2,
                                                    "is_parallel": true,
                                                    "self": 0.0002673999999984744,
                                                    "children": {
                                                        "_process_rank_one_or_two_observation": {
                                                            "total": 0.0006529000000057295,
                                                            "count": 12,
                                                            "is_parallel": true,
                                                            "self": 0.0006529000000057295
                                                        }
                                                    }
                                                },
                                                "UnityEnvironment.step": {
                                                    "total": 1627.1060361000702,
                                                    "count": 267242,
                                                    "is_parallel": true,
                                                    "self": 31.33082300001888,
                                                    "children": {
                                                        "UnityEnvironment._generate_step_input": {
                                                            "total": 27.875383999979697,
                                                            "count": 267242,
                                                            "is_parallel": true,
                                                            "self": 27.875383999979697
                                                        },
                                                        "communicator.exchange": {
                                                            "total": 1468.1139719999674,
                                                            "count": 267242,
                                                            "is_parallel": true,