{
    "name": "root",
    "metadata": {
        "timer_format_version": "0.1.0",
        "start_time_seconds": "1639932461",
        "python_version": "3.7.11 (default, Jul 27 2021, 09:42:29) [MSC v.1916 64 bit (AMD64)]",
        "command_line_arguments": "C:\\Users\\scott\\anaconda3\\envs\\unity_reinforcement\\Scripts\\mlagents-learn --force config/parameters.yaml --run-id DrunkAgent_Imitation",
        "mlagents_version": "0.28.0.dev0",
        "mlagents_envs_version": "0.28.0.dev0",
        "communication_protocol_version": "1.5.0",
        "pytorch_version": "1.10.0+cu113",
        "numpy_version": "1.21.4",
        "end_time_seconds": "1639932835"
    },
    "total": 373.9629494,
    "count": 1,
    "self": 0.007655699999986609,
    "children": {
        "run_training.setup": {
            "total": 0.06742120000000007,
            "count": 1,
            "self": 0.06742120000000007
        },
        "TrainerController.start_learning": {
            "total": 373.8878725,
            "count": 1,
            "self": 0.43120349999799146,
            "children": {
                "TrainerController._reset_env": {
                    "total": 17.158550899999998,
                    "count": 1,
                    "self": 5.933829299999999,
                    "children": {
                        "demo_to_buffer": {
                            "total": 11.224721599999999,
                            "count": 2,
                            "self": 0.00039400000000000546,
                            "children": {
                                "load_demonstration": {
                                    "total": 0.19344810000000034,
                                    "count": 2,
                                    "self": 0.1869917999999995,
                                    "children": {
                                        "read_file": {
                                            "total": 0.006456300000000859,
                                            "count": 2,
                                            "self": 0.006456300000000859
                                        }
                                    }
                                },
                                "make_demo_buffer": {
                                    "total": 11.0308795,
                                    "count": 2,
                                    "self": 1.779237000000073,
                                    "children": {
                                        "steps_from_proto": {
                                            "total": 9.251642499999926,
                                            "count": 84840,
                                            "self": 4.612059899999636,
                                            "children": {
                                                "_process_rank_one_or_two_observation": {
                                                    "total": 4.63958260000029,
                                                    "count": 339360,
                                                    "self": 4.63958260000029
                                                }
                                            }
                                        }
                                    }
                                }
                            }
                        }
                    }
                },
                "TrainerController.advance": {
                    "total": 356.120799400002,
                    "count": 19649,
                    "self": 0.21699730000335649,
                    "children": {
                        "env_step": {
                            "total": 355.90380209999864,
                            "count": 19649,
                            "self": 290.4682151000004,
                            "children": {
                                "SubprocessEnvManager._take_step": {
                                    "total": 65.22578649999802,
                                    "count": 19650,
                                    "self": 0.9859258999965448,
                                    "children": {
                                        "TorchPolicy.evaluate": {
                                            "total": 64.23986060000148,
                                            "count": 19615,
                                            "self": 17.152458600002497,
                                            "children": {
                                                "TorchPolicy.sample_actions": {
                                                    "total": 47.08740199999898,
                                                    "count": 19615,
                                                    "self": 47.08740199999898
                                                }
                                            }
                                        }
                                    }
                                },
                                "workers": {
                                    "total": 0.2098005000001919,
                                    "count": 19648,
                                    "self": 0.0,
                                    "children": {
                                        "worker_root": {
                                            "total": 270.0807073999994,
                                            "count": 19648,
                                            "is_parallel": true,
                                            "self": 160.6055153999982,
                                            "children": {
                                                "steps_from_proto": {
                                                    "total": 0.0007783000000030071,
                                                    "count": 2,
                                                    "is_parallel": true,
                                                    "self": 0.00023509999999493658,
                                                    "children": {
                                                        "_process_rank_one_or_two_observation": {
                                                            "total": 0.0005432000000080706,
                                                            "count": 8,
                                                            "is_parallel": true,
                                                            "self": 0.0005432000000080706
                                                        }
                                                    }
                                                },
                                                "UnityEnvironment.step": {
                                                    "total": 109.47441370000121,
                                                    "count": 19648,
                                                    "is_parallel": true,
                                                    "self": 2.1101372000015886,
                                                    "children": {
                                                        "UnityEnvironment._generate_step_input": {
                                                            "total": 2.0532463999992068,
                                                            "count": 19648,
                                                            "is_parallel": true,
                                                            "self": 2.0532463999992068
                                                        },
                                                        "communicator.exchange": {
                                                            "total": 99.33073150000116,
                                                            "count": 19648,
                                                            "is_parallel": true,