{
    "name": "root",
    "metadata": {
        "timer_format_version": "0.1.0",
        "start_time_seconds": "1640076256",
        "python_version": "3.7.11 (default, Jul 27 2021, 09:42:29) [MSC v.1916 64 bit (AMD64)]",
        "command_line_arguments": "C:\\Users\\scott\\anaconda3\\envs\\unity_reinforcement\\Scripts\\mlagents-learn --force config/parameters.yaml --run-id DrunkAgent_Imitation",
        "mlagents_version": "0.28.0.dev0",
        "mlagents_envs_version": "0.28.0.dev0",
        "communication_protocol_version": "1.5.0",
        "pytorch_version": "1.10.0+cu113",
        "numpy_version": "1.21.4",
        "end_time_seconds": "1640076438"
    },
    "total": 182.04515080000002,
    "count": 1,
    "self": 0.006711300000006304,
    "children": {
        "run_training.setup": {
            "total": 0.08780480000000002,
            "count": 1,
            "self": 0.08780480000000002
        },
        "TrainerController.start_learning": {
            "total": 181.95063470000002,
            "count": 1,
            "self": 0.27327169999975354,
            "children": {
                "TrainerController._reset_env": {
                    "total": 10.0375266,
                    "count": 1,
                    "self": 9.945234999999998,
                    "children": {
                        "demo_to_buffer": {
                            "total": 0.09229160000000114,
                            "count": 2,
                            "self": 5.5300000001423655e-05,
                            "children": {
                                "load_demonstration": {
                                    "total": 0.008406900000000661,
                                    "count": 2,
                                    "self": 0.008311700000000144,
                                    "children": {
                                        "read_file": {
                                            "total": 9.520000000051709e-05,
                                            "count": 2,
                                            "self": 9.520000000051709e-05
                                        }
                                    }
                                },
                                "make_demo_buffer": {
                                    "total": 0.08382939999999905,
                                    "count": 2,
                                    "self": 0.011771200000003645,
                                    "children": {
                                        "steps_from_proto": {
                                            "total": 0.07205819999999541,
                                            "count": 532,
                                            "self": 0.031668099999969,
                                            "children": {
                                                "_process_rank_one_or_two_observation": {
                                                    "total": 0.04039010000002641,
                                                    "count": 3192,
                                                    "self": 0.04039010000002641
                                                }
                                            }
                                        }
                                    }
                                }
                            }
                        }
                    }
                },
                "TrainerController.advance": {
                    "total": 171.46970760000028,
                    "count": 9382,
                    "self": 0.12751239999988684,
                    "children": {
                        "env_step": {
                            "total": 171.3421952000004,
                            "count": 9382,
                            "self": 131.15408890000023,
                            "children": {
                                "SubprocessEnvManager._take_step": {
                                    "total": 40.060726599999775,
                                    "count": 9382,
                                    "self": 0.6427732999995612,
                                    "children": {
                                        "TorchPolicy.evaluate": {
                                            "total": 39.417953300000214,
                                            "count": 9378,
                                            "self": 10.308011600000292,
                                            "children": {
                                                "TorchPolicy.sample_actions": {
                                                    "total": 29.109941699999922,
                                                    "count": 9378,
                                                    "self": 29.109941699999922
                                                }
                                            }
                                        }
                                    }
                                },
                                "workers": {
                                    "total": 0.1273797000003789,
                                    "count": 9381,
                                    "self": 0.0,
                                    "children": {
                                        "worker_root": {
                                            "total": 112.40910289999937,
                                            "count": 9381,
                                            "is_parallel": true,
                                            "self": 66.1014290999986,
                                            "children": {
                                                "steps_from_proto": {
                                                    "total": 0.0024513999999999925,
                                                    "count": 1,
                                                    "is_parallel": true,
                                                    "self": 0.00012939999999961316,
                                                    "children": {
                                                        "_process_rank_one_or_two_observation": {
                                                            "total": 0.0023220000000003793,
                                                            "count": 6,
                                                            "is_parallel": true,
                                                            "self": 0.0023220000000003793
                                                        }
                                                    }
                                                },
                                                "UnityEnvironment.step": {
                                                    "total": 46.30522240000078,
                                                    "count": 9381,
                                                    "is_parallel": true,
                                                    "self": 1.263825800000717,
                                                    "children": {
                                                        "UnityEnvironment._generate_step_input": {
                                                            "total": 1.1381006000001932,
                                                            "count": 9381,
                                                            "is_parallel": true,
                                                            "self": 1.1381006000001932
                                                        },
                                                        "communicator.exchange": {
                                                            "total": 39.975401799999716,
                                                            "count": 9381,
                                                            "is_parallel": true,