{
    "name": "root",
    "metadata": {
        "timer_format_version": "0.1.0",
        "start_time_seconds": "1639429159",
        "python_version": "3.7.11 (default, Jul 27 2021, 09:42:29) [MSC v.1916 64 bit (AMD64)]",
        "command_line_arguments": "C:\\Users\\scott\\anaconda3\\envs\\unity_reinforcement\\Scripts\\mlagents-learn --force config\\parameters.yaml",
        "mlagents_version": "0.28.0.dev0",
        "mlagents_envs_version": "0.28.0.dev0",
        "communication_protocol_version": "1.5.0",
        "pytorch_version": "1.7.1+cu110",
        "numpy_version": "1.18.5",
        "end_time_seconds": "1639429214"
    },
    "total": 54.4037821,
    "count": 1,
    "self": 10.013913099999996,
    "children": {
        "run_training.setup": {
            "total": 0.12838850000000024,
            "count": 1,
            "self": 0.12838850000000024
        },
        "TrainerController.start_learning": {
            "total": 44.261480500000005,
            "count": 1,
            "self": 0.01906619999998327,
            "children": {
                "TrainerController._reset_env": {
                    "total": 10.9969615,
                    "count": 1,
                    "self": 10.9969615
                },
                "TrainerController.advance": {
                    "total": 32.69862520000002,
                    "count": 470,
                    "self": 0.0083191000000582,
                    "children": {
                        "env_step": {
                            "total": 32.690306099999965,
                            "count": 470,
                            "self": 30.598131899999963,
                            "children": {
                                "SubprocessEnvManager._take_step": {
                                    "total": 2.08291880000003,
                                    "count": 471,
                                    "self": 0.046236399999969535,
                                    "children": {
                                        "TorchPolicy.evaluate": {
                                            "total": 2.0366824000000605,
                                            "count": 471,
                                            "self": 0.5512035000000282,
                                            "children": {
                                                "TorchPolicy.sample_actions": {
                                                    "total": 1.4854789000000324,
                                                    "count": 471,
                                                    "self": 1.4854789000000324
                                                }
                                            }
                                        }
                                    }
                                },
                                "workers": {
                                    "total": 0.009255399999970493,
                                    "count": 469,
                                    "self": 0.0,
                                    "children": {
                                        "worker_root": {
                                            "total": 14.718035199999981,
                                            "count": 469,
                                            "is_parallel": true,
                                            "self": 6.418864000000015,
                                            "children": {
                                                "steps_from_proto": {
                                                    "total": 0.000989600000000479,
                                                    "count": 2,
                                                    "is_parallel": true,
                                                    "self": 0.00033290000000452125,
                                                    "children": {
                                                        "_process_rank_one_or_two_observation": {
                                                            "total": 0.0006566999999959577,
                                                            "count": 8,
                                                            "is_parallel": true,
                                                            "self": 0.0006566999999959577
                                                        }
                                                    }
                                                },
                                                "UnityEnvironment.step": {
                                                    "total": 8.298181599999966,
                                                    "count": 469,
                                                    "is_parallel": true,
                                                    "self": 0.059828300000036805,
                                                    "children": {
                                                        "UnityEnvironment._generate_step_input": {
                                                            "total": 0.05464630000001591,
                                                            "count": 469,
                                                            "is_parallel": true,
                                                            "self": 0.05464630000001591
                                                        },
                                                        "communicator.exchange": {
                                                            "total": 8.021529299999969,
                                                            "count": 469,
                                                            "is_parallel": true,
                                                            "self": 8.021529299999969
                                                        },
                                                        "steps_from_proto": {
                                                            "total": 0.16217769999994402,
                                                            "count": 469,
                                                            "is_parallel": true,
                                                            "self": 0.06880239999997961,
                                                            "children": {
                                                                "_process_rank_one_or_two_observation": {
                                                                    "total": 0.09337529999996441,
                                                                    "count": 1876,
                                                                    "is_parallel": true,
                                                                    "self": 0.09337529999996441
                                                                }
                                                            }
                                                        }
                                                    }
                                                }
                                            }
                                        }
                                    }
                                }
                            }
                        }
                    }
                },
                "trainer_threads": {
                    "total": 2.0300000002748675e-05,
                    "count": 1,
                    "self": 2.0300000002748675e-05,
                    "children": {
                        "thread_root": {
                            "total": 0.0,
                            "count": 0,
                            "is_parallel": true,
                            "self": 0.0,
                            "children": {
                                "trainer_advance": {
                                    "total": 32.650493,